{
    "id": 1,
    "title": "iPhone 9",
    "description": "Lorem ipsum dolor sit amet, consectetur adipiscing elit. Fusce nec leo odio. Vivamus iaculis faucibus tempus. Duis dapibus, ligula eu consequat ornare, sapien nisl laoreet arcu, eu pharetra dolor urna eget ligula. Sed facilisis pretium risus in finibus. Maecenas egestas orci euismod venenatis aliquam. Vivamus sed pretium dui, vitae porta ipsum. Donec elit tortor, imperdiet eu nulla at, condimentum consequat nisi. Phasellus mollis sem aliquam dolor lacinia bibendum. Mauris pulvinar vestibulum sodales. Pellentesque habitant morbi tristique senectus et netus et malesuada fames ac turpis egestas. Nullam vitae facilisis odio. Mauris in ultricies nulla. Sed ornare consequat nulla. Cras pellentesque, erat at gravida rutrum, erat neque facilisis magna, et iaculis enim tortor ornare felis. Quisque mollis dignissim magna. In vitae ultricies felis.  Quisque in ipsum non lorem ornare elementum vel vitae nisl. Integer luctus pulvinar dui a eleifend. Aliquam iaculis odio vitae metus ullamcorper, sed semper turpis consectetur. In convallis, justo a aliquet rhoncus, erat metus fringilla turpis, eget imperdiet purus est quis magna. Curabitur ornare mattis malesuada. In vitae lacinia est. Sed sit amet magna eget dolor tempus euismod.",
    "price": 549,
    "discountPercentage": 12.96,
    "rating": 4.69,
    "stock": 94,
    "brand": "Apple",
    "category": "smartphones",
    "thumbnail": "https://i.dummyjson.com/data/products/1/thumbnail.jpg",
    "images": [
      "https://i.dummyjson.com/data/products/1/1.jpg",
      "https://i.dummyjson.com/data/products/1/2.jpg",
      "https://i.dummyjson.com/data/products/1/3.jpg",
      "https://i.dummyjson.com/data/products/1/4.jpg",
      "https://i.dummyjson.com/data/products/1/thumbnail.jpg"
    ]
}